name,num_frames,mota,motp
o_1,165,0.757282,0.335777
o_2,165,0.757282,0.335777
o_3,165,0.757282,0.335777
o_4,165,0.757282,0.335777
o_5,165,0.757282,0.335777
o_6,165,0.757282,0.335777
